Company Name,Domain,Website,City,State,Country,Tier,Priority,Oversize Flag,Proprietary Basis,Origins,Golden v1,Pipeline Status,Fit,Novelty,Confidence,Actionability,Ensemble Decision,Ensemble Confidence,Why Interesting,Risks,Unknowns,Evidence URLs
313 INDUSTRIES INC,313industriesinc.com,https://313industriesinc.com,,,US,high_interest,1,no,unknown,discovery,no,research_ready,,,20,,,,Verified from first-party pages as a US aerospace/defense physical-product manufacturer.; Qualified from sam_entity: sam://entity-information/v4/entities/MMGPR4BE87W5?naics=336411,Initial source-signal qualification only; enrichment confidence does not yet support evaluate tier.,"Ownership: independent/founder-family versus PE, strategic, or public control; Size fit: evidence that revenue is likely under $50m; Qualifications and customer concentration",
AAR Aircraft Services-Oklahoma,,,Oklahoma City,OK,United States,needs_research,3,no,unknown,faa_ensemble,no,,,,,,research,0,"FAA PMA holder (makes: British Aero, British Aerospace, De Havilland, Dornier, Fairchild, Fokker, Israel Aircraft Industries, Saab, Saab-Fairchild, Shorts, Textron Aviation Inc.; 6611 South Meridian) — malformed or missing evaluation requires adjudication",,,https://drs.faa.gov/browse/excelExternalWindow/798C32129C4707B186257F45006920F4.0001
A&B Foundry,,,,,,needs_research,3,no,unknown,discovery,no,queued_research,,,,,,,survivor evidence,,,
ABI LLC,,,Palmer,AK,United States,needs_research,3,no,unknown,faa_ensemble,no,,,,,,research,0,"FAA PMA holder (makes: AeroSedan | LLC, AeroSedan LLC, American    Champion Inc., American   Champion Inc., American Champion, American Champion Aircraft Corp, American Champion Aircraft Corp., American Champion Aircraft Corporation, Aviat Aircraft, Aviat Aircraft | Inc., Aviat Aircraft Inc., Aviat Aircraft, Inc.; 81 Commercial Drive) — malformed or missing evaluation requires adjudication",,,https://drs.faa.gov/browse/excelExternalWindow/DRSDOCID136915721920260722173255.0001
A & B Plastic Inc,,,Yakima,WA,United States,needs_research,2,no,product,faa_ensemble,no,,,,,,research,0,FAA PMA holder (makes: Boeing; 50 West Arlington St) — malformed or missing evaluation requires adjudication,,,https://drs.faa.gov/browse/excelExternalWindow/63AD87E655A5EC0F852570380064E733.0001
Acme Aero Tooling LLC,acme-aero-tooling-c0ac3224.com,https://acme-aero-tooling-c0ac3224.com,,,,needs_research,3,no,unknown,discovery,no,queued_research,,,,,,,Discovered via federal awards: usaspending://spending_by_award?recipient_name=Acme%20Aero%20Tooling%20LLC,,"domain-verified, pending research",
ACMT,acmt-usa.com,https://acmt-usa.com,,,US,reference,1,no,process_only,discovery; golden_v1,yes,partner_review,,,,,,,Confirmed against the golden-set qualifying parameters.,reference example — interest not known mutual,Build-to-print risk unclassified — no source signal yet.,
A & D Foam Products,,,Anaheim,CA,United States,needs_research,3,no,unknown,faa_ensemble,no,,,,,,research,0,FAA PMA holder (makes: Boeing; 2820 East LaCresta) — malformed or missing evaluation requires adjudication,,,https://drs.faa.gov/browse/excelExternalWindow/F35B97F770B6C287852570380064E6C9.0001
"ADPma, LLC",adpma.com,https://adpma.com,,,US,reference,1,no,process_only,discovery; golden_v1,yes,partner_review,,,,,,,Confirmed against the golden-set qualifying parameters.,reference example — interest not known mutual,Build-to-print risk unclassified — no source signal yet.,
Advanced Products,,,North Haven,CT,United States,needs_research,3,no,unknown,faa_ensemble,no,,,,,,research,0,"FAA PMA holder (makes: Airbus, General Electric, Pratt & Whitney; 33 Defco Park Road) — malformed or missing evaluation requires adjudication",,,https://drs.faa.gov/browse/excelExternalWindow/23EDE5C8485A76C68625712D0050BD9C.0001
Aearo Technologies LLC,,,Indianapolis,IN,United States,needs_research,2,no,product,faa_ensemble,no,,,,,,research,0,FAA PMA holder (makes: Dassault Aviation; 7911 Zionsville Road) — malformed or missing evaluation requires adjudication,,,https://drs.faa.gov/browse/excelExternalWindow/722E47A67B9D20E586258596003D2681.0001
Aero-Composite,,,Tampa,FL,United States,needs_research,2,no,product,faa_ensemble,no,,,,,,research,0,"FAA PMA holder (makes: Cessna, Revo; 9334 Vandenberg Airport Road) — malformed or missing evaluation requires adjudication",,,https://drs.faa.gov/browse/excelExternalWindow/49EC7B32DDEA531F8525703B00547298.0001
Aerocon Engineering Company,,,Van Nuys,CA,United States,needs_research,3,no,unknown,faa_ensemble,no,,,,,,research,0,"FAA PMA holder (makes: Airbus, Airbus S.A.S., AIRBUS SAS, Boeing, Bombardier, Bombardier, Inc., Construcciones, Dornier Luftfahrt GmbH, Gulfstream, Jetstream, Lockheed, McDonnell Douglas; 7716 Kester Ave) — malformed or missing evaluation requires adjudication",,,https://drs.faa.gov/browse/excelExternalWindow/DRSDOCID181033013320260705232825.0001
"Aerocraft, Inc.",,,El Dorado Hills,CA,United States,needs_research,2,no,product,faa_ensemble,no,,,,,,research,0,"FAA PMA holder (makes: Ace Aeronautics | LLC, Airbus Helicopters, BHI H60Helicopters | LLC, Billings Flying Service, Capitol Helicopters | Inc., Carson Helicopters, Central Copters Inc., Delta Enterprise, Heliqwest International | Inc., High Performance Helicopters | Corp., MD Helicopters | LLC, MDHI; 5088 Hillsdale Circle, Ste. B) — malformed or missing evaluation requires adjudication",,,https://drs.faa.gov/browse/excelExternalWindow/DRSDOCID102580857420230810165034.0001
Aero-Engines Inc,,,Los Angeles,CA,United States,needs_research,2,no,product,faa_ensemble,no,,,,,,research,0,"FAA PMA holder (makes: Jacobs | Pratt & Whitney | Textron Lycoming | Wright Aeronautical, Pratt & Whitney, Teledyne Continental; 3033 N Coolidge Ave) — malformed or missing evaluation requires adjudication",,,https://drs.faa.gov/browse/excelExternalWindow/92829F328849E9AA8525703B005474AA.0001
Aeroheat Inc,,,Cleveland,OH,United States,needs_research,3,no,unknown,faa_ensemble,no,,,,,,research,0,"FAA PMA holder (makes: Cessna, Miscellaneous, Piper, Textron Lycoming; 4055 Superior Ave) — malformed or missing evaluation requires adjudication",,,https://drs.faa.gov/browse/excelExternalWindow/1A685DA89BE9E1548525703B0055E631.0001
Aero-Instruments Company LLC,,,Cleveland,OH,United States,needs_research,2,no,product,faa_ensemble,no,,,,,,research,0,"FAA PMA holder (makes: Airbus, BAE Systems, Boeing, Bombardier, Inc., Eurocopter Deutschland, Gulfstream, Gulfstream | Israel, MD Helicopters, The Boeing Company; 14901 Emery Avenue) — malformed or missing evaluation requires adjudication",,,https://drs.faa.gov/browse/excelExternalWindow/B7AB3A557A65286C862579EB0064B22D.0001
Aeromed Systems Inc,,,Fargo,MN,United States,needs_research,3,no,unknown,faa_ensemble,no,,,,,,research,0,"FAA PMA holder (makes: Beech | Cessna | Learjet | Piper, Beech | Cessna | Learjet | Piper | Raytheon, Beech | Cessna | Piper | Raytheon, Cessna, Learjet, Mitsubishi; 1716 23rd Ave North) — malformed or missing evaluation requires adjudication",,,https://drs.faa.gov/browse/excelExternalWindow/402B52BFCC6C88918525703B0050F3B7.0001
"Aeronautix, LLC",,,Wichita,KS,USA,needs_research,2,no,product,faa_ensemble,no,,,,,,research,0,"FAA PMA holder (makes: Air Tractor Inc., Textron Aviation Inc.; 400 North Woodlawn Blvd., Suite 101) — malformed or missing evaluation requires adjudication",,,https://drs.faa.gov/browse/excelExternalWindow/DRSDOCID113326346220251113195043.0001
Aero Services Intl Inc,,,Raleigh,NC,United States,needs_research,3,no,unknown,faa_ensemble,no,,,,,,research,0,"FAA PMA holder (makes: Cessna; Raleigh Durham Intn'l Arpt, PO Box 80128) — malformed or missing evaluation requires adjudication",,,https://drs.faa.gov/browse/excelExternalWindow/2B4E5DC8DC7B5EAC85257038006B8D46.0001
Aeros Interior Solutions,,,Plano,TX,United States,needs_research,3,no,unknown,faa_ensemble,no,,,,,,research,0,"FAA PMA holder (makes: 328 Support Services GmbH, Airbus SAS, De Havilland Aircraft of Canada Limited, Embraer S.A., SAAB AB, SAAB Aeronautics, The Boeing Company; 2601 Summit Ave Suite 100) — malformed or missing evaluation requires adjudication",,,https://drs.faa.gov/browse/excelExternalWindow/DRSDOCID150607081420220809132027.0001
Aerospace Filtration Systems,,,Chesterfield,MO,United States,needs_research,2,no,product,faa_ensemble,no,,,,,,research,0,"FAA PMA holder (makes: Agusta, Agusta S.p.A, Agusta S.p.A., Airbus Helicopters, Bell, Bell Helicopter Textron Inc., Bell Helicopter Textron, Inc., Bell Helicopter, Textron, Bell Helicopter, Textron Canada, Bell Helicopter,Textron, Bell Helicopter,Textron Canada, Eurocoper France; 17891 Chesterfield Airport Road) — malformed or missing evaluation requires adjudication",,,https://drs.faa.gov/browse/excelExternalWindow/3E910646B06966AA86257E340076AB47.0001
Aerospace Manufacturing Corporation,aero-space.us,https://aero-space.us,,,US,reference,1,no,process_only,discovery; golden_v1,yes,partner_review,,,,,,,Confirmed against the golden-set qualifying parameters.,reference example — interest not known mutual,Build-to-print risk unclassified — no source signal yet.,
Ahlers Aerospace Inc,,,Hurst,TX,United States,needs_research,3,no,unknown,faa_ensemble,no,,,,,,research,0,"FAA PMA holder (makes: Air Tractor, Bell, BELL, Bell Helicopter Textron Canada, Bell Helicopter Textron Canada Limited, Eurocopter Deutschland, Eurocopter Deutschland GmbH, Eurocopter Deutschland GMBH, Eurocopter France, MD Helicopters, Inc., Piper Aircraft; 3621 Raider Drive) — malformed or missing evaluation requires adjudication",,,https://drs.faa.gov/browse/excelExternalWindow/FF40F84528BDE1D38625800B005AA84B.0001
Airbase Services Inc,,,Grapevine,TX,United States,needs_research,3,no,unknown,faa_ensemble,no,,,,,,research,0,"FAA PMA holder (makes: Airbus, Boeing, British Aerospace, Dassault Aviation, Fokker, Lockheed, McDonnell Douglas; 2450 SW Grapevine Pkwy Suite 100) — malformed or missing evaluation requires adjudication",,,https://drs.faa.gov/browse/excelExternalWindow/8D377F08309A9CB28525703B004FF33E.0001
"Airbus Helicopters, Inc.",,,Grand Prairie,TX,United States,needs_research,2,no,product,faa_ensemble,no,,,,,,research,0,"FAA PMA holder (makes: Airbus Helicopters, Airbus Helicopters Canada, Airbus Helicopters Deutschland GmbH, Airbus Helicopters Deutschland GmbH Airbus Helicopters Canada, Airbus Helicopters Deutschland, GmbH, Airbus HelicoptersDeutschland GmbH, Eurocopter Deutschland GmbH; 2701 N. Forum Dr.) — malformed or missing evaluation requires adjudication",,,https://drs.faa.gov/browse/excelExternalWindow/DRSDOCID113552120620260522104730.0001
Aircraft Door Seals,,,Bethany,OK,United States,needs_research,2,no,product,faa_ensemble,no,,,,,,research,0,"FAA PMA holder (makes: Beechcraft, Cessna, Mooney Aircraft, Piper; 7100 NW 63, Hanger 1002) — malformed or missing evaluation requires adjudication",,,https://drs.faa.gov/browse/excelExternalWindow/164B5F2A1EDCFB5E8625757B005E61A4.0001
Air Repair Inc,,,Cleveland,MS,United States,needs_research,2,no,product,faa_ensemble,no,,,,,,research,0,"FAA PMA holder (makes: Air Repair | Inc., Air Repair Inc., Air Repair, Inc, Air Repair, Inc., Air Tractor, Boeing, Boeing Airplane Company Wichita Division, Boeing Wichita, Cessna, Continental Motors, Jacobs, North American; 920 Airport Service Road) — malformed or missing evaluation requires adjudication",,,https://drs.faa.gov/browse/excelExternalWindow/DRSDOCID125413712120240808133552.0001
Airtex Products Inc,,,Fallingston,PA,United States,needs_research,3,no,unknown,faa_ensemble,no,,,,,,research,0,FAA PMA holder (makes: Miscellaneous; 259 Lower Morrisville RD) — malformed or missing evaluation requires adjudication,,,https://drs.faa.gov/browse/excelExternalWindow/E660C5291B875FC78525703C006CC2F4.0001
Amphenol Cable & Interconnect Technologies,,,Franklin,WI,United States,needs_research,2,no,product,faa_ensemble,no,,,,,,research,0,"FAA PMA holder (makes: Embraer S.A., The Boeing Company; 5300 West Franklin Drive) — malformed or missing evaluation requires adjudication",,,https://drs.faa.gov/browse/excelExternalWindow/DRSDOCID118910075720260722154520.0001
Approved Air Parts Company Inc,,,Cranberry Township,PA,United States,needs_research,2,no,product,faa_ensemble,no,,,,,,research,0,"FAA PMA holder (makes: Airbus | Boeing | Bombardier, Inc., Airbus | Boeing | McDonnell Douglas, Allison/ Rolls-Royce, Beechcraft Corp, Boeing, Boeing | Airbus, Boeing | McDonnell Douglas, Boeing | McDonnell Douglas | Pratt & Whitney, Bombardier, Inc., Canadair, Canadair Bombardier, Cessna | Commander Aircraft | Piper | Raytheon; 312 Thomson Park Drive) — malformed or missing evaluation requires adjudication",,,https://drs.faa.gov/browse/excelExternalWindow/36CAA185046CC6B286257F920062AA3D.0001
Arctic Built LLC,,,Homer,AK,United States,needs_research,2,no,product,faa_ensemble,no,,,,,,research,0,FAA PMA holder (makes: Robinson Helicopter Company; 178 East Bunnell Ave. Suite C) — malformed or missing evaluation requires adjudication,,,https://drs.faa.gov/browse/excelExternalWindow/F01A5EA0916E031F8625829500627E5B.0001
Armstrong Manufacturing & Engineering,armstrong-mfg.com,https://armstrong-mfg.com,,,US,reference,1,no,process_only,discovery; golden_v1,yes,partner_review,,,,,,,Confirmed against the golden-set qualifying parameters.,reference example — interest not known mutual,Build-to-print risk unclassified — no source signal yet.,
Arnoni Aviation Services Inc,,,Houston,TX,United States,needs_research,3,no,unknown,faa_ensemble,no,,,,,,research,0,FAA PMA holder (makes: Rolls-Royce; 15555 Vickery Dr Suite 125) — malformed or missing evaluation requires adjudication,,,https://drs.faa.gov/browse/excelExternalWindow/0689CAB94334CEB4862573AE005C6655.0001
AstrodyneTDI,,,Hackettstown,NJ,United States,needs_research,2,no,product,faa_ensemble,no,,,,,,research,0,"FAA PMA holder (makes: Airbus SAS, The Boeing Company; 36 Newburgh Road) — malformed or missing evaluation requires adjudication",,,https://drs.faa.gov/browse/excelExternalWindow/B4F08751B30BD19F862585930067A73D.0001
Aviation Acrylics,,,College Park,GA,United States,needs_research,2,no,product,faa_ensemble,no,,,,,,research,0,"FAA PMA holder (makes: Boeing, Lockheed, McDonnell Douglas; 1035 Lee's Mill Road) — malformed or missing evaluation requires adjudication",,,https://drs.faa.gov/browse/excelExternalWindow/6C970590273720E78525703C006947F1.0001
Aviation Communication & Surveillance Systems,,,Phoenix,AZ,United States,needs_research,3,no,unknown,faa_ensemble,no,,,,,,research,0,FAA PMA holder (makes: Fokker; 19810 North 7th Avenue) — malformed or missing evaluation requires adjudication,,,https://drs.faa.gov/browse/excelExternalWindow/8C00CF4D7A4D56808525703C006945BE.0001
Aviation Components Inc,,,Cooper City,FL,United States,needs_research,3,no,unknown,faa_ensemble,no,,,,,,research,0,"FAA PMA holder (makes: Boeing, Bombardier, Bombardier, Inc.; 3039 NW 82nd Terrace) — malformed or missing evaluation requires adjudication",,,https://drs.faa.gov/browse/excelExternalWindow/C2839F4BFC0588A88625836A0051E9E0.0001
Aviation Component Solutions05/03/2021,,,Richmond Heights,OH,United States,needs_research,2,no,product,faa_ensemble,no,,,,,,research,0,"FAA PMA holder (makes: Airbus, Airbus Canada Limited Partnership, Airbus SAS, Boeing, Yaborã; 26451 Curtiss Wright Parkway Suite 106) — malformed or missing evaluation requires adjudication",,,https://drs.faa.gov/browse/excelExternalWindow/DRSDOCID199658562220220517141442.0001
Barracuda Technologies Inc,,,DeSoto,TX,United States,needs_research,3,no,unknown,faa_ensemble,no,,,,,,research,0,"FAA PMA holder (makes: Boeing, McDonnell Douglas; 315 Seahawk Dr) — malformed or missing evaluation requires adjudication",,,https://drs.faa.gov/browse/excelExternalWindow/4B4FE49CDDF940E78525703D00569D04.0001
Basic Aircraft Products,,,Evans,GA,United States,needs_research,2,no,product,faa_ensemble,no,,,,,,research,0,"FAA PMA holder (makes: American Champion, Beech | Piper, Boeing Wichita, Cessna, Luscombe, Piper, Taylorcraft; 4474 Hickory Dr) — malformed or missing evaluation requires adjudication",,,https://drs.faa.gov/browse/excelExternalWindow/2871124DD70EA107862573BF006C7503.0001
B&E Aircraft Component Repair (Cancelled 02/24/2016),,,Southwick,MA,United States,needs_research,2,no,product,faa_ensemble,no,,,,,,research,1,"FAA PMA holder (makes: Rolls Royce PLC; 10 Hudson Drive) — adjudicated: {""decision"":""research"",""confidence"":1,""reason"":""The entity has a history as an FAA PMA holder for high-value engine components. While the PMA is listed as cancelled and the name suggests a repair focus, there is no affirmative negative evidence (such as proof of being a shell or distributor only) to justify rejection. Current status and manufacturing capabilities must be verified via research.""}",,,https://drs.faa.gov/browse/excelExternalWindow/FA896E47AC915C4D86257DCE004E647F.0001
Bendix Wheels & Brakes Div,,,South Bend,IN,United States,needs_research,3,no,unknown,faa_ensemble,no,,,,,,research,0,"FAA PMA holder (makes: McDonnell Douglas; 3520 W Westmoor St, PO Box 10) — malformed or missing evaluation requires adjudication",,,https://drs.faa.gov/browse/excelExternalWindow/ADDCC608DD41F7668525703D005B1CE5.0001
"Berry Aviation, Inc.",,,San Marcos,Texas,USA,needs_research,3,no,unknown,faa_ensemble,no,,,,,,research,0,FAA PMA holder (makes: Embraer S.A.; 2175 Airport Drive) — malformed or missing evaluation requires adjudication,,,https://drs.faa.gov/browse/excelExternalWindow/DRSDOCID117890006220250710160329.0001
Betatronix Inc,,,Hauppauge,NY,United States,needs_research,2,no,product,faa_ensemble,no,,,,,,research,0,FAA PMA holder (makes: Sabreliner; 110 Nicon Court) — malformed or missing evaluation requires adjudication,,,https://drs.faa.gov/browse/excelExternalWindow/928D24DF3809A9728525703D00569CFF.0001
BFE Inc,,,Jacksonville,FL,United States,needs_research,2,no,product,faa_ensemble,no,,,,,,research,0,"FAA PMA holder (makes: Air & Space America, Airbus, Airbus | Boeing | Lockheed | McDonnell Douglas, Airbus | Boeing | McDonnell Douglas, Boeing, Boeing | McDonnell Douglas, Lockheed, McDonnell Douglas; PO Box 16846, 12855 Phillips Highway) — malformed or missing evaluation requires adjudication",,,https://drs.faa.gov/browse/excelExternalWindow/84A1C2672AE1481B8525703D00594EF2.0001
"Brinster Mods, c/o Webco Inc",,,Raymondville,TX,United States,needs_research,2,no,product,faa_ensemble,no,,,,,,research,0,FAA PMA holder (makes: Air Tractor; FM 490) — malformed or missing evaluation requires adjudication,,,https://drs.faa.gov/browse/excelExternalWindow/E5053F2E12397C7B8525703E0065E613.0001
CAP AIR LLC,,,Tulsa,OK,United States,needs_research,2,no,product,faa_ensemble,no,,,,,,research,0,FAA PMA holder (makes: Continental Aerospace Technologies | Inc.; 2744 N Sheridan) — malformed or missing evaluation requires adjudication,,,https://drs.faa.gov/browse/excelExternalWindow/DRSDOCID142558914120240919134300.0001
Certified Technology Inc,,,Chico,CA,United States,needs_research,2,no,product,faa_ensemble,no,,,,,,research,0,"FAA PMA holder (makes: Bell, Bell Textron, Eurocopter, Eurocopter France, McDonnell Douglas Co., MD Helicopters, Inc.; 3080 Thorntree Dr #95) — malformed or missing evaluation requires adjudication",,,https://drs.faa.gov/browse/excelExternalWindow/54DBE2CCD0E92D8B862578450071FC42.0001
Cert Works LLC,,,Watkins,CO,United States,needs_research,2,no,product,faa_ensemble,no,,,,,,research,0,"FAA PMA holder (makes: Airbus Helicopters, Airbus Helicopters Deutschland GmbH, Airbus HelicoptersDeutschlandGmbH (AHD); 5150 Front Range Pkwy) — malformed or missing evaluation requires adjudication",,,https://drs.faa.gov/browse/excelExternalWindow/DRSDOCID145513558220260726232951.0001
Charles A Starr Co,,,Reno,NV,United States,needs_research,2,no,product,faa_ensemble,no,,,,,,research,0,FAA PMA holder (makes: McDonnell Douglas; 5401 Longley Lane Suite 45) — malformed or missing evaluation requires adjudication,,,https://drs.faa.gov/browse/excelExternalWindow/4D83EF4754DBCD0D8525703E0067277F.0001
Chippewa Aerospace Inc,,,Conway,SC,United States,needs_research,2,no,product,faa_ensemble,no,,,,,,research,0,"FAA PMA holder (makes: Airbus, Boeing, Bombardier, Embraer; 490 Allied Dr) — malformed or missing evaluation requires adjudication",,,https://drs.faa.gov/browse/excelExternalWindow/DRSDOCID195534945320240301171224.0001
Cole Instrument Corporation,cole-switches.com,https://cole-switches.com,,,US,reference,1,no,process_only,discovery; golden_v1,yes,partner_review,,,,,,,"Cole Instrument Corporation manufactures electromechanical switches and related components for aerospace, military, and commercial customers and offers FAA-certified avionics repair and custom switch solutions. They emphasize decades of industry experience, engineering-focused product development, and the ability to supply switches and encoders tailored for demanding applications.",reference example — interest not known mutual,Build-to-print risk unclassified — no source signal yet.,
Composite Technology Inc,,,Stockton,CA,United States,needs_research,2,no,product,faa_ensemble,no,,,,,,research,0,FAA PMA holder (makes: Bell; 902 E Scotts Ave) — malformed or missing evaluation requires adjudication,,,https://drs.faa.gov/browse/excelExternalWindow/6D7B9707ECCF3D9F8525703E006B93C9.0001
Concurrent Parent Aviation LLC,concurrent-parent-160ae706.com,https://concurrent-parent-160ae706.com,,,,needs_research,3,no,unknown,discovery,no,queued_research,,,,,,,Discovered via federal awards: usaspending://spending_by_award?recipient_name=Concurrent%20Parent%20Aviation%20LLC,,"domain-verified, pending research",
Concurrent Parent Support LLC,concurrent-parent-160ae706.com,https://concurrent-parent-160ae706.com,,,,needs_research,3,no,unknown,discovery,no,queued_research,,,,,,,Discovered via federal awards: usaspending://spending_by_award?recipient_name=Concurrent%20Parent%20Support%20LLC,,"domain-verified, pending research",
Coors Tetrafluor,,,El Segundo,CA,United States,needs_research,3,no,unknown,faa_ensemble,no,,,,,,research,0,FAA PMA holder (makes: Boeing; 2051 E Maple Ave) — malformed or missing evaluation requires adjudication,,,https://drs.faa.gov/browse/excelExternalWindow/4E20E2181A5A014A8525703E006B962C.0001
Cory Components Inc,,,El Segundo,CA,United States,needs_research,2,no,product,faa_ensemble,no,,,,,,research,0,"FAA PMA holder (makes: Boeing, McDonnell Douglas; 2201 Rosecrans Ave) — malformed or missing evaluation requires adjudication",,,https://drs.faa.gov/browse/excelExternalWindow/CBAAB89467163CDF8525703E006FB450.0001
Crane Resistoflex,,,Jacksonville,FL,United States,needs_research,2,no,product,faa_ensemble,no,,,,,,research,0,"FAA PMA holder (makes: Boeing, Honeywell, Lockheed; 2575 West 5th Street) — malformed or missing evaluation requires adjudication",,,https://drs.faa.gov/browse/excelExternalWindow/2CDB895874B59F1F8525703F004DD3EB.0001
Custom Fiberglass Molding Inc,,,Weyauwega,WI,United States,needs_research,3,no,unknown,faa_ensemble,no,,,,,,research,0,"FAA PMA holder (makes: American Champion, Cessna, Maule, Maule Aerospace Technology Inc., Piper, Sky International, Inc., Univair Aircraft Corporation; E5880 Little River Road) — malformed or missing evaluation requires adjudication",,,https://drs.faa.gov/browse/excelExternalWindow/5FDE73594EA6CE19862579640059F87C.0001
"Cyient, Inc.",,,Arlington,TX,United States,needs_research,2,no,product,faa_ensemble,no,,,,,,research,0,"FAA PMA holder (makes: Boeing, The Boeing Company; 1401 Nolan Ryan Expressway, Suite 100) — malformed or missing evaluation requires adjudication",,,https://drs.faa.gov/browse/excelExternalWindow/ED96C04AB2D58E2A862585570049D5EB.0001
DAC Engineered Products,dac-ep.com,https://dac-ep.com,Oswego,IL,US,reference,1,no,product,discovery; faa_ensemble; golden_v1,yes,partner_review,,,,,research,0,"DAC Engineered Products supplies FAA PMA aftermarket aircraft components and offers MRO/DER repair services, with a focus on PMA brakes and engineered replacements that they present as cost-saving alternatives to OEM parts. They sell primarily to airlines, MRO providers and aircraft operators and position themselves as a partner that delivers certified PMA parts and DER repairs to meet customer requirements while claiming reduced costs and improved reliability.",reference example — interest not known mutual,Build-to-print risk unclassified — no source signal yet.,https://drs.faa.gov/browse/excelExternalWindow/DRSDOCID106785296220241001140214.0001
Dakota Cub Aircraft,,,Valley Springs,SD,United States,needs_research,2,no,product,faa_ensemble,no,,,,,,research,0,"FAA PMA holder (makes: FS 2000, FS2001, FS2002, FS2003 CORP, FS 2000, FS2001, FS2002, FS2003 CORP | Piper, FS 2001 Corp., FS 2003 Corp., FS2002 Corp., Make/TCH Eligibility, Piper, Piper | FS 2000, FS2001, FS2002, FS2003 CORP, Piper Aircraft | Inc., Piper Aircraft | Inc.                  FS 2003 Corp.  FS2002 Corp.  FS 2001 Corp., Piper Aircraft Inc.; 48473 262nd Street) — malformed or missing evaluation requires adjudication",,,https://drs.faa.gov/browse/excelExternalWindow/DRSDOCID191324127820260518151656.0001
Dakota Cub Aircraft of Alaska,,,Anchorage,AK,United States,needs_research,2,no,product,faa_ensemble,no,,,,,,research,0,"FAA PMA holder (makes: FS 2000, FS2001, FS2002, FS2003 CORP | Piper, Piper; 6041 MacKay Street #102) — malformed or missing evaluation requires adjudication",,,https://drs.faa.gov/browse/excelExternalWindow/37AE5474D7FBAA1A8525703E006FAEFE.0001
Dee Howard Co The,,,San Antonio,TX,United States,needs_research,2,no,product,faa_ensemble,no,,,,,,research,0,"FAA PMA holder (makes: Aerospatiale, Boeing, Dassault Aviation, Learjet, McDonnell Douglas; PO Box 469001) — malformed or missing evaluation requires adjudication",,,https://drs.faa.gov/browse/excelExternalWindow/AD4191ADD8E267418525703F004A63E4.0001
Denezol Tool Co Inc,,,Salem,OR,United States,needs_research,3,no,unknown,faa_ensemble,no,,,,,,research,0,"FAA PMA holder (makes: BOEING, McDonnell Douglas, McDONNELL DOUGLAS, McDONNELLDOUGLAS; 2265 Judson Street SE) — malformed or missing evaluation requires adjudication",,,https://drs.faa.gov/browse/excelExternalWindow/0C071D0A8991CEBE862577FB00505F94.0001
Derlan Inc,,,Santa Ana,CA,United States,needs_research,2,no,product,faa_ensemble,no,,,,,,research,0,"FAA PMA holder (makes: Airbus | BAE Systems | Boeing | British Aerospace | deHavilland | Fairchild Industries | Fokker | Lockheed | McDonnell Douglas, Boeing, McDonnell Douglas; 2040 E Dyer Rd) — malformed or missing evaluation requires adjudication",,,https://drs.faa.gov/browse/excelExternalWindow/0B294ADC688E0ACF8525703E006B985F.0001
Duncan Aviation Inc.,,,Lincoln,NE,United States,needs_research,3,no,unknown,faa_ensemble,no,,,,,,research,0,FAA PMA holder (makes: Textron Aviation | Inc.; 3701 Aviation Road) — malformed or missing evaluation requires adjudication,,,https://drs.faa.gov/browse/excelExternalWindow/DRSDOCID139094072320260424140745.0001
Eagle Air Engineering Inc,,,Renton,WA,United States,needs_research,3,no,unknown,faa_ensemble,no,,,,,,research,0,"FAA PMA holder (makes: Boeing, McDonnell Douglas; 11876 SE 160th Street) — malformed or missing evaluation requires adjudication",,,https://drs.faa.gov/browse/excelExternalWindow/3BB68A94DA0B8F6586257582006828DC.0001
"EarthX, Inc.",,,Berthoud,CO,United States,needs_research,3,no,unknown,faa_ensemble,no,,,,,,research,0,"FAA PMA holder (makes: Aviat Aircraft | Inc., Aviat Aircraft Inc., Extra Aerobatic Aircraft GmbH, Extra Flugzeugpro duktions- und Vertriebs- GmbH, Extra Flugzeugproduktions- und Vertriebs- GmbH, Game Aerospace LLC, Mooney, Piper, Piper Aircraft | Inc, Piper Aircraft | Inc., Textron (Cessna), Textron Aviation | Inc.; 17291 County Road 3) — malformed or missing evaluation requires adjudication",,,https://drs.faa.gov/browse/excelExternalWindow/DRSDOCID126781545220260701191843.0001
"Eaton Corporation, Valve & Actuator Div",,,El Segundo,CA,United States,needs_research,3,no,unknown,faa_ensemble,no,,,,,,research,0,"FAA PMA holder (makes: Airbus, Allied Ag Cat, BAE Systems, Boeing, Bombardier, Inc., Embraer Empresa, Fokker, General Electric, Lockheed, McDonnell Douglas, Saab Aircraft AB; 2338 Alaska Ave) — malformed or missing evaluation requires adjudication",,,https://drs.faa.gov/browse/excelExternalWindow/90FD7FCF966C62998525703F006695CC.0001
EDC,,,Deland,FL,United States,needs_research,3,no,unknown,faa_ensemble,no,,,,,,research,0,"FAA PMA holder (makes: Airbus, AIRBUS, Airbus SAS, Beechcraft, Boeing, BOEING, Boeing | Bombardier, Inc., Bombardier Inc., Bombardier, Inc, CANADAIR, Embraer, Embraer Empresa; 1701 Lexington Ave) — malformed or missing evaluation requires adjudication",,,https://drs.faa.gov/browse/excelExternalWindow/DRSDOCID117700615720260324201203.0001
EDN Aviation Inc,,,Van Nuys,CA,United States,needs_research,3,no,unknown,faa_ensemble,no,,,,,,research,0,FAA PMA holder (makes: McDonnell Douglas; 6720 Valjean Ave) — malformed or missing evaluation requires adjudication,,,https://drs.faa.gov/browse/excelExternalWindow/E7C389B4469FF4FE8525704200581DDE.0001
EFS Aerospace Inc,,,Valencia,CA,United States,needs_research,3,no,unknown,faa_ensemble,no,,,,,,research,0,"FAA PMA holder (makes: Boeing, McDonnell Douglas, McDonnell Douglas | McDonnell Douglas; 24910 Avenue Tibbetts) — malformed or missing evaluation requires adjudication",,,https://drs.faa.gov/browse/excelExternalWindow/9FC456DA30B76F9186257074006E8961.0001
Electroair Acquisition Corporation,,,Waterford,MI,United States,needs_research,2,no,product,faa_ensemble,no,,,,,,research,0,"FAA PMA holder (makes: AC7 LLC, AC7 LLC1 2, Aermacchi, Aermacchi S.p.A., Aermacchi1 2, Aeronautica Macchi S.p.A., Aeronautica Macchi1 2, Aeronautica MacchiAeronautica Macchi S.p.A., AeroSedan | LLC, Aerostar Aircraft, Aerostar Aircraft Corporation, Aerostar Aircraft1 2; 5097 Williams Lake Road) — malformed or missing evaluation requires adjudication",,,https://drs.faa.gov/browse/excelExternalWindow/DRSDOCID119571458020230105195547.0001
Enviro Systems Inc,,,Seminole,OK,United States,needs_research,3,no,unknown,faa_ensemble,no,,,,,,research,0,"FAA PMA holder (makes: Aerospace Technologies, Bell, Boeing, Embraer S.A, Embraer S.A., Eurocopter Canada, Eurocopter Deutschland, McDonnell Douglas, MD Helicopters, Inc., Sikorsky, Westland; 12037 N Hwy 99) — malformed or missing evaluation requires adjudication",,,https://drs.faa.gov/browse/excelExternalWindow/89F5B5422266120586257D8F00562BEC.0001
Everpure Inc,,,Northbrook,IL,United States,needs_research,3,no,unknown,faa_ensemble,no,,,,,,research,0,"FAA PMA holder (makes: Airbus, Airbus | Boeing, Boeing, Gulfstream; 2375 Sanders Road) — malformed or missing evaluation requires adjudication",,,https://drs.faa.gov/browse/excelExternalWindow/A28B087A2382170B85257042005822F1.0001
Exotic Metals Forming Company,,,Kent,WA,United States,needs_research,2,no,product,faa_ensemble,no,,,,,,research,0,FAA PMA holder (makes: Boeing; 5411 South 226th Street) — malformed or missing evaluation requires adjudication,,,https://drs.faa.gov/browse/excelExternalWindow/EF6FC68C1FF7445D8525703F005196C5.0001
EZ Flap,,,Pacoima,CA,United States,needs_research,3,no,unknown,faa_ensemble,no,,,,,,research,0,"FAA PMA holder (makes: Cessna, Piper, Univair; 12635 Osborn St. Hanger F-24) — malformed or missing evaluation requires adjudication",,,https://drs.faa.gov/browse/excelExternalWindow/33B09F792E70CE1786257817004FEA1E.0001
Fatique Technology Inc,,,Seattle,WA,United States,needs_research,3,no,unknown,faa_ensemble,no,,,,,,research,0,FAA PMA holder (makes: Boeing; 401 Andover Park east) — malformed or missing evaluation requires adjudication,,,https://drs.faa.gov/browse/excelExternalWindow/0C7A1D720A67445B8625768600561B52.0001
F Atlee Dodge Aircraft Services,,,Anchorage,AK,United States,needs_research,3,no,unknown,faa_ensemble,no,,,,,,research,0,FAA PMA holder (makes: Piper; 2031 O'Malley Road) — malformed or missing evaluation requires adjudication,,,https://drs.faa.gov/browse/excelExternalWindow/C895F37333C8E7168525703F00519651.0001
"Fiber Dynamics, Inc.",fiberdynamics.net,https://fiberdynamics.net,,,US,reference,1,no,process_only,discovery; golden_v1,yes,partner_review,,,,,,,"Fiber Dynamics, Inc. designs and manufactures engineered composite and carbon-fiber parts for aerospace, aviation, and military customers, providing prototyping, production (using a proprietary LCRTM process), finishing, and delivery. They position themselves as a one-stop provider for complex composite structures and claim capabilities in producing hollow, internally stiffened parts with reduced cycle time, weight savings, and economical certification paths.",reference example — interest not known mutual,Build-to-print risk unclassified — no source signal yet.,
Foodservice Technology Corp,,,Boise,ID,United States,needs_research,3,no,unknown,faa_ensemble,no,,,,,,research,0,"FAA PMA holder (makes: Boeing, Bombardier, Inc., British Aerospace; 4632 Aeronca St) — malformed or missing evaluation requires adjudication",,,https://drs.faa.gov/browse/excelExternalWindow/2E5D430BCEDFC2CF85257042005694E0.0001
FUTUREFLITE INC,,,Valencia,CA,United States,needs_research,3,no,unknown,faa_ensemble,no,,,,,,research,0,"FAA PMA holder (makes: Boeing, McDonnell Douglas; 38895 Industry Drive) — malformed or missing evaluation requires adjudication",,,https://drs.faa.gov/browse/excelExternalWindow/567044E43C93380D8625777C0069448E.0001
Garlick Helicopters Inc,,,Hamilton,MT,United States,needs_research,3,no,unknown,faa_ensemble,no,,,,,,research,0,FAA PMA holder (makes: Bell; 132 Skalkaho Hwy) — malformed or missing evaluation requires adjudication,,,https://drs.faa.gov/browse/excelExternalWindow/3297F63473E7D8268525703F0054A740.0001
GE Aviation Systems LLC,,,Grand Rapids,MI,United States,needs_research,3,no,unknown,faa_ensemble,no,,,,,,research,0,"FAA PMA holder (makes: Agusta, Airbus, Boeing, Cessna, Dassault Aviation, Embraer, Gulfstream, Lockheed, The Boeing Company; 3290 Patterson Ave SE) — malformed or missing evaluation requires adjudication",,,https://drs.faa.gov/browse/excelExternalWindow/DRSDOCID163810580620250403181452.0001
General Electric Supply Co,,,Philadelphia,PA,United States,needs_research,3,no,unknown,faa_ensemble,no,,,,,,research,0,FAA PMA holder (makes: General Electric; 401 E Hunting Park Ave) — malformed or missing evaluation requires adjudication,,,https://drs.faa.gov/browse/excelExternalWindow/B86E4B1CCC2095E7852570420058F108.0001
Globe Fiberglass Ltd Inc,,,Lakeland,FL,United States,needs_research,2,no,product,faa_ensemble,no,,,,,,research,0,"FAA PMA holder (makes: Aerospace Technologies, Aerostar Aircraft, Beech, Bellanca, Cessna, Commander Aircraft, deHavilland, MD Helicopters, Inc., Piper, Twin Commander; 3470 Aircraft Drive) — malformed or missing evaluation requires adjudication",,,https://drs.faa.gov/browse/excelExternalWindow/3FF451CB6B2D6EB3852570420058F5B2.0001
Greiner Purtec Inc,,,Fort Worth,TX,United States,needs_research,2,no,product,faa_ensemble,no,,,,,,research,0,"FAA PMA holder (makes: Aerospatiale, Boeing, McDonnell Douglas, The Boeing Company; 7621 Pebble Drive Building 22) — malformed or missing evaluation requires adjudication",,,https://drs.faa.gov/browse/excelExternalWindow/8A9B6A68205C44F386257817005A0E41.0001
Hartzell Engine Technologies LLC,,,Montgomery,AL,United States,needs_research,2,no,product,faa_ensemble,no,,,,,,research,0,"FAA PMA holder (makes: AD Holdings, Inc., Aero Commander, Aero Commander | Cessna, Aero Vodochody, Aerodifusion, Aerostar, Aerostar Aircraft, Aerostar Aircraft Corporation, Air Tractor Inc., Aircraft Integrated Solutions Ltd, Aircraft Parts & Development Corp., Aircraft Parts & Development Corporation; 2900 Selma Highway) — malformed or missing evaluation requires adjudication",,,https://drs.faa.gov/browse/excelExternalWindow/DRSDOCID102060656620251216184354.0001
Honeywell Aerospace US LLC,,,Phoenix,AZ,United States,needs_research,3,no,unknown,faa_ensemble,no,,,,,,research,0,"FAA PMA holder (makes: AIRBUS SAS, BAE Systems | Boeing, Boeing, Bombardier, Inc., CFE Company, CFM International, deHavilland, Fokker, General Electric, Gulfstream, Honeywell, Learjet; 21111 N 19th Avenue) — malformed or missing evaluation requires adjudication",,,https://drs.faa.gov/browse/excelExternalWindow/DRSDOCID186933847920260630220950.0001
Honeywell International Inc. (BendixKing),,,Phoenix,AZ,United States,needs_research,2,no,product,faa_ensemble,no,,,,,,research,0,"FAA PMA holder (makes: Aermacchi S.p.A, Aerostar Aircraft Corp., Cougar Aircraft Corporation “SOCATA Groupe Aerospatiale"", EADS-PZL“Warszawa-Okecie”, Frakes Aviation “Grumman”., GA 8 Airvan (Pty) Ltd ""Gippsland Aeronautics  Ltd."", Helio “Alliance Aircraft Group | LLC, Interceptor Aviation Inc., MICCO Aircraft Company | Inc. ""Meyers Aircraft Company, Mooney International | Inc., Mooney International Corporation, Mooney International Inc; 21111 N. 19th Ave.) — malformed or missing evaluation requires adjudication",,,https://drs.faa.gov/browse/excelExternalWindow/DRSDOCID142738522520240229155225.0001
Honeywell International Inc (formerly Grimes Aerospace Co),,,Urbana,OH,United States,needs_research,2,no,product,faa_ensemble,no,,,,,,research,0,"FAA PMA holder (makes: Aerospatiale, Airbus, BAE Systems, Beech, Beech | Cessna | Helio Enterprises | Mooney Aircraft | Piper | Thompson, Jimmie | Twin Commander, Beech | Piper, Bell, Boeing, Boeing | McDonnell Douglas, Bombardier, Inc., British Aerospace, British Aerospace | Jetstream; 550 State Route 55, PO Box 247) — malformed or missing evaluation requires adjudication",,,https://drs.faa.gov/browse/excelExternalWindow/F427C475B885E8B0862573B6006F2056.0001
"Hornet Acquistion Co , LLC dba Onboard System",,,Anaheim,CA,United States,needs_research,2,no,product,faa_ensemble,no,,,,,,research,0,FAA PMA holder (makes: Leonardo S.p.A.; 3355 E La Palma Ave) — malformed or missing evaluation requires adjudication,,,https://drs.faa.gov/browse/excelExternalWindow/DRSDOCID164118462620250214182730.0001
"Hoskins, Div of Sheldahl Corp",,,Tustin,CA,United States,needs_research,3,no,unknown,faa_ensemble,no,,,,,,research,0,"FAA PMA holder (makes: Beech | Mitsubishi, Boeing, Fokker, Schweizer; 14242 Chambers Rd) — malformed or missing evaluation requires adjudication",,,https://drs.faa.gov/browse/excelExternalWindow/4C49D8954DB563BD852570440056B082.0001
Huck International Inc,,,Carson,CA,United States,high_interest,1,no,product,faa_ensemble,no,,,,,,high_priority,1,"FAA PMA holder (makes: Airbus, Boeing; 900 Watsoncenter Road) — adjudicated: {""decision"":""high_priority"",""confidence"":1,""reason"":""The entity possesses a significant number of PMA parts for major OEMs and is a known name in aerospace fastening, meeting the criteria for a high-priority manufacturer.""}",,,https://drs.faa.gov/browse/excelExternalWindow/E429AD6AFF2AD175852570440057C9D6.0001
Impact Dynamics Inc,,,Wichita,KS,United States,needs_research,3,no,unknown,faa_ensemble,no,,,,,,research,0,"FAA PMA holder (makes: Cessna, Cessna | Reims Aviation S.A.; 2610-A South Sheridan) — malformed or missing evaluation requires adjudication",,,https://drs.faa.gov/browse/excelExternalWindow/6E14BF63E432F857852570440050232B.0001
Jay- Em Aerospace Corporation,jay-em.com,https://jay-em.com,,,US,reference,1,no,process_only,discovery; golden_v1,yes,partner_review,,,,,,,"Jay- Em Aerospace Corporation manufactures safety‑critical components and assemblies and provides sustainment, prototyping, qualification, and lifecycle support for aviation, space, and defense customers, while also serving automotive and oil & gas manufacturers. They offer build‑to‑print and turnkey production solutions and position themselves around in‑house manufacturing to support rapid prototyping and production process development.",reference example — interest not known mutual,Build-to-print risk unclassified — no source signal yet.,
Jet Avion Corporation A HEICO Aerospace Company,,,Hollywood,FL,United States,needs_research,3,no,unknown,faa_ensemble,no,,,,,,research,0,"FAA PMA holder (makes: Aerospatiale, Agusta, Airbus, Airbus | Boeing, Airbus | Bombardier, Inc., Airbus | CFM International, Airbus Canada Limited Partnership, Airbus Canada LimitedPartnership, Airbus Helicopter, Airbus Helicopters, Airbus SAS, Airbus SAS Airbus; 3000 Taft Street) — malformed or missing evaluation requires adjudication",,,https://drs.faa.gov/browse/excelExternalWindow/DRSDOCID194663160620260716154457.0001
Jet Parts Engineering Inc (formerly Falcon Air Research Corp),,,Calverton,NY,United States,needs_research,3,no,unknown,faa_ensemble,no,,,,,,research,0,"FAA PMA holder (makes: AEROSPATIALE, Airbus | McDonnell Douglas, Boeing, BOMBARDIER Inc, Bombardier Inc., Bombardier, Inc., CFM International, S.A, CFM International, S.A., EMBRAER, Embraer Empresa, Embraer S. A., General Electric Company.; 335 Burman Blvd) — malformed or missing evaluation requires adjudication",,,https://drs.faa.gov/browse/excelExternalWindow/74CADC089269E1A186257C9A00535B1C.0001
"Jet Parts Engineering, LLC",jetpartsengineering.com,https://jetpartsengineering.com,,,US,reference,1,no,product,discovery; golden_v1,yes,partner_review,,,,,,,"Jet Parts Engineering, LLC (JPE) specializes in PMA parts, DER repairs, and MRO services for the aviation industry. The company provides PMA parts for airframe, component, and engine applications, DER repairs for piece part components, and MRO services for accessory component repairs. Its customers include aviation operators and maintenance providers requiring supplemental type certified aircraft parts and repairs.",reference example — interest not known mutual,Build-to-print risk unclassified — no source signal yet.,
"John Jewell Aircraft, Inc.",,,Holly Springs,MS,US,needs_research,3,no,unknown,faa_ensemble,no,,,,,,research,0,"FAA PMA holder (makes: Cessna, Textron Aviation Inc.; 171 A. Q. Greer Dr.) — malformed or missing evaluation requires adjudication",,,https://drs.faa.gov/browse/excelExternalWindow/DRSDOCID117234985720240322173600.0001
Jonal Laboratories Inc,,,Meriden,CT,United States,high_interest,1,no,product,faa_ensemble,no,,,,,,high_priority,1,"FAA PMA holder (makes: Pratt & Whitney; 456 Center St, PO Box 743) — adjudicated: {""decision"":""high_priority"",""confidence"":1,""reason"":""The entity is a verified FAA PMA holder for complex jet engine components. There is no affirmative negative evidence to suggest it is a distributor or shell company. Per the high-recall mandate, this is a high-priority candidate for research.""}",,,https://drs.faa.gov/browse/excelExternalWindow/056CBA3102E7C310852570440054EBA8.0001
Kaddas Enterprises Inc,,,Salt Lake City,UT,United States,needs_research,3,no,unknown,faa_ensemble,no,,,,,,research,0,FAA PMA holder (makes: Boeing; 3588 West Directors Row) — malformed or missing evaluation requires adjudication,,,https://drs.faa.gov/browse/excelExternalWindow/58D7435B9ADBAA63862579A000638467.0001
Kamatics Corporation,,,Bloomfield,CT,United States,needs_research,3,no,unknown,faa_ensemble,no,,,,,,research,0,"FAA PMA holder (makes: Agusta S.p.A., Airbus Helicopters Deutschland, GmbH, Bell Helicopter, Textron Company, Bell Helicopters, Bell Textron Inc., Boeing, Bombardier, Embraer, Eurocopter, JJASPP Engineering Services LLCTamarack Helicopters | Inc. OAS Parts LLCSouthwest Florida Aviation International Global Helicopter Technology | Inc.Hagglund Helicopters | LLCArrow Falcon Exporters | Inc.Richards Heavylift Helo | Inc. Northwest Rotorcraft | LLC, Learjet, Textron Aviation; 1330 Blue Hill Avenue) — malformed or missing evaluation requires adjudication",,,https://drs.faa.gov/browse/excelExternalWindow/DRSDOCID156585643820230214105037.0001
Kelly Aerospace Power Systems,,,Montgomery,AL,United States,needs_research,3,no,unknown,faa_ensemble,no,,,,,,research,0,"FAA PMA holder (makes: Aero Vodochody, Aerostar Aircraft, Continental Motors, Franklin Engine Co., Lycoming, Teledyne Continental, Textron Lycoming; 1400 East South Blvd) — malformed or missing evaluation requires adjudication",,,https://drs.faa.gov/browse/excelExternalWindow/CB32C533A2E91E0386257C9900620316.0001
Kirst Aviation,,,Fairbanks,AK,United States,needs_research,3,no,unknown,faa_ensemble,no,,,,,,research,0,FAA PMA holder (makes: Cessna; Lot 5 Block 5 Martin) — malformed or missing evaluation requires adjudication,,,https://drs.faa.gov/browse/excelExternalWindow/AA94670A59FE31768625724B0076C0FD.0001
L2 Consulting Services Inc,,,Dripping Springs,TX,United States,needs_research,3,no,unknown,faa_ensemble,no,,,,,,research,0,"FAA PMA holder (makes: Boeing, Hawker Beechcraft; 2100 East Highway 290, Unit A) — malformed or missing evaluation requires adjudication",,,https://drs.faa.gov/browse/excelExternalWindow/91615EAF3C3C7F4E86257C120054D3E4.0001
Lake & Air Inc,,,Chaska,MN,United States,needs_research,3,no,unknown,faa_ensemble,no,,,,,,research,0,FAA PMA holder (makes: Cessna; 550 Flying Cloud Dr Suite 1B) — malformed or missing evaluation requires adjudication,,,https://drs.faa.gov/browse/excelExternalWindow/8C7DA131192BC02E85257045005BE0C9.0001
Livingston Industries Inc,,,,,United States,needs_research,2,no,product,faa_ensemble,no,,,,,,research,0,"FAA PMA holder (makes: Honeywell, Pratt & Whitney Canada; Surrendered) — malformed or missing evaluation requires adjudication",,,https://drs.faa.gov/browse/excelExternalWindow/9A2A714A8216525E85257045005E5E55.0001
Lockheed Martin Skunk Works,,,Palmdale,CA,United States,needs_research,2,no,product,faa_ensemble,no,,,,,,research,0,"FAA PMA holder (makes: Boeing, Lockheed; 1011 Lockheed Way) — malformed or missing evaluation requires adjudication",,,https://drs.faa.gov/browse/excelExternalWindow/C3FC0F164ECD271985257046005A5048.0001
Long View Aviation,,,Mosheim,TN,United States,needs_research,2,no,product,faa_ensemble,no,,,,,,research,0,FAA PMA holder (makes: Cessna; 630 Wisecarver Road) — malformed or missing evaluation requires adjudication,,,https://drs.faa.gov/browse/excelExternalWindow/222FC662CCE139FC862571150069E1BC.0001
Loral Electro-Optical Sys,,,Pasadena,CA,United States,needs_research,3,no,unknown,faa_ensemble,no,,,,,,research,0,"FAA PMA holder (makes: Boeing, Lockheed; 300 N Halstead St, PO Box 7101) — malformed or missing evaluation requires adjudication",,,https://drs.faa.gov/browse/excelExternalWindow/82FEE1B07B91E3A9852570450058C22F.0001
LW Aerospace Solutions LLC,,,Chesapeake,VA,United States,needs_research,3,no,unknown,faa_ensemble,no,,,,,,research,0,"FAA PMA holder (makes: Aerospatiale, Airbus, AIRBUS, ATR - GIE Avions de Transport R gional, Bombardier, Canadair, The Boeing Company; 1105A International Plaza) — malformed or missing evaluation requires adjudication",,,https://drs.faa.gov/browse/excelExternalWindow/143E6DD4708A4586862579640071AA8D.0001
Magellan Aerospace New York Inc (Surrendered),,,Corona,NY,United States,needs_research,3,no,unknown,faa_ensemble,no,,,,,,research,0,"FAA PMA holder (makes: Boeing, Boeing 737, Boeing 747, Boeing 767, Boeing 777, The Boeing Company; 97-11 50th Ave) — malformed or missing evaluation requires adjudication",,,https://drs.faa.gov/browse/excelExternalWindow/EA13E37F5CACBD818625784600675C0E.0001
Major Component Supply,,,Walnut Ridge,AR,United States,needs_research,2,no,product,faa_ensemble,no,,,,,,research,0,"FAA PMA holder (makes: Allied Ag Cat Productions, Inc., Allied AgCat Productions, Inc, Allied AgCat Productions, Inc.; 130 Beacon Road) — malformed or missing evaluation requires adjudication",,,https://drs.faa.gov/browse/excelExternalWindow/1C7F3F5DD5DA0CB086257B83006694A8.0001
McNeil Industries,mcneilindustries.com,https://mcneilindustries.com,,,US,reference,2,no,process_only,discovery; golden_v1,yes,partner_review,,,,,,,"McNeil Industries manufactures MAXAM® industrial bearings and provides precision CNC machining, guide systems, sealing products, value-added assembly, and inventory management for industrial and aerospace/defense customers. They position themselves as a strategic partner offering engineered bearing solutions that operate in harsh conditions and precision components that reduce downtime and support production requirements.",reference example — interest not known mutual,Build-to-print risk unclassified — no source signal yet.,
"Mechanical Enterprises, Inc.",,,Atlanta,GA,United States,needs_research,3,no,unknown,faa_ensemble,no,,,,,,research,0,"FAA PMA holder (makes: Airbus, Boeing, Lockheed, McDonnell Douglas; 5305A Fulton Industrial Blvd.) — malformed or missing evaluation requires adjudication",,,https://drs.faa.gov/browse/excelExternalWindow/820F313AC7D16F068625751B0069789F.0001
Meggitt Aircraft Braking Systems Corp.,,,Akron,OH,United States,needs_research,3,no,unknown,faa_ensemble,no,,,,,,research,0,"FAA PMA holder (makes: Airbus Canada Limited Partnership, Bombardier, Dassault Aviation, Embraer S.A., Gulfstream Aerospace LP, Piaggio Aero Industries S.p.A; 1204 Massillon Road) — malformed or missing evaluation requires adjudication",,,https://drs.faa.gov/browse/excelExternalWindow/DRSDOCID195145076720260409171902.0001
MESC Electronic Systems Inc,,,Fort Wayne,IN,United States,needs_research,3,no,unknown,faa_ensemble,no,,,,,,research,0,FAA PMA holder (makes: Gulfstream; 1313 Production Rd) — malformed or missing evaluation requires adjudication,,,https://drs.faa.gov/browse/excelExternalWindow/7D1BE4EADF3A694E852570490052CB5B.0001
Midwest Aero Support Inc,,,Rockford,IL,United States,needs_research,2,no,product,faa_ensemble,no,,,,,,research,0,FAA PMA holder (makes: Saab Aircraft AB; 2325 20th Avenue) — malformed or missing evaluation requires adjudication,,,https://drs.faa.gov/browse/excelExternalWindow/1736ACB8DF6AC53385257046005B6F5C.0001
Milman Engineering Inc,,,Rochester,WA,United States,needs_research,3,no,unknown,faa_ensemble,no,,,,,,research,0,"FAA PMA holder (makes: American Champion, American Champion Aircraft Corp.; 19207 Guava Street SW) — malformed or missing evaluation requires adjudication",,,https://drs.faa.gov/browse/excelExternalWindow/627654609C8C2E47862576C500635678.0001
MP AERO LLC,mpaero.com,https://mpaero.com,,,US,high_interest,1,no,unknown,discovery,no,research_ready,,,20,,,,Verified from first-party pages as a US aerospace/defense physical-product manufacturer.; Qualified from sam_entity: sam://entity-information/v4/entities/KFURXXMBM5R1?naics=336411,Initial source-signal qualification only; enrichment confidence does not yet support evaluate tier.,"Ownership: independent/founder-family versus PE, strategic, or public control; Size fit: evidence that revenue is likely under $50m; Qualifications and customer concentration",
MPD Inc,,,Owensboro,KY,United States,needs_research,3,no,unknown,faa_ensemble,no,,,,,,research,0,"FAA PMA holder (makes: Boeing, Embraer Empresa, Piper, Short Brothers; 316 East 9th Street) — malformed or missing evaluation requires adjudication",,,https://drs.faa.gov/browse/excelExternalWindow/66D91013D1161CA7862573540062E21D.0001
NHBB HiTech Division,,,Peterborough,NH,United States,needs_research,2,no,product,faa_ensemble,no,,,,,,research,0,FAA PMA holder (makes: The Boeing Company; 175 Jaffrey Road) — malformed or missing evaluation requires adjudication,,,https://drs.faa.gov/browse/excelExternalWindow/36ACA1CC6C9164C186258045005B1263.0001
North Star Aviation Inc,,,Ulysses,KS,United States,needs_research,2,no,product,faa_ensemble,no,,,,,,research,0,FAA PMA holder (makes: Thrush; 801 W Airport Blvd) — malformed or missing evaluation requires adjudication,,,https://drs.faa.gov/browse/excelExternalWindow/6A88F47149E18D9686257806005023B3.0001
"Norton Performance Plastics Corp, Composites Operations",,,Ravenna,OH,United States,needs_research,3,no,unknown,faa_ensemble,no,,,,,,research,0,"FAA PMA holder (makes: Aerospatiale, Aerostar Aircraft, Airbus, Beech, Bell, Boeing, Bombardier, Inc., Bombardier, Inc. | deHavilland, British Aerospace, British Aerospace | Jetstream, Cessna, Construcciones; 335 North Diamond Street) — malformed or missing evaluation requires adjudication",,,https://drs.faa.gov/browse/excelExternalWindow/4B044B52D7774D9185257046005E6D47.0001
Oilamatic Inc,,,Englewood,CO,United States,needs_research,2,no,product,faa_ensemble,no,,,,,,research,0,"FAA PMA holder (makes: Allied Ag Cat Productions, Inc., Ayres, Beech, Beech Aircraft Corp., Boeing Wichita, Cessna, Cessna | Miscellaneous, Cessna | Piper, Enstrom, McDonnell Douglas, Miscellaneous, Mooney Aircraft; 5816 Jamaica Way) — malformed or missing evaluation requires adjudication",,,https://drs.faa.gov/browse/excelExternalWindow/CF59D088DB97C8288625765400652B5E.0001
Oregon Aircraft Design,,,North Plains,OR,United States,needs_research,2,no,product,faa_ensemble,no,,,,,,research,0,"FAA PMA holder (makes: Cessna, Cessna | Piper, Piper; 31338 NW Hillcrest) — malformed or missing evaluation requires adjudication",,,https://drs.faa.gov/browse/excelExternalWindow/2409F32C62DFC387852570490056D678.0001
"Pacific Scientific, Energy Systems Div",,,Chandler,AZ,United States,needs_research,3,no,unknown,faa_ensemble,no,,,,,,research,0,FAA PMA holder (makes: Boeing; 7073 W Willis Dr Box 5002) — malformed or missing evaluation requires adjudication,,,https://drs.faa.gov/browse/excelExternalWindow/C73FD1C8F51ACE6185257046005E69D3.0001
Paravion Technology Inc,,,Fort Collins,CO,United States,needs_research,2,no,product,faa_ensemble,no,,,,,,research,0,"FAA PMA holder (makes: Agusta, Bell, BELL, Bell Helicopter, Bell Helicopter Textron, CESSNA, Enstrom, Eurocopter France, MD Helicopters, Inc., Robinson Helicopter, Schweizer, Textron Aviation | Inc.; 2001 Airway Avenue) — malformed or missing evaluation requires adjudication",,,https://drs.faa.gov/browse/excelExternalWindow/DRSDOCID183626121820210729173849.0001
Peak Air Parts,,,Pueblo,CO,United States,needs_research,3,no,unknown,faa_ensemble,no,,,,,,research,0,"FAA PMA holder (makes: Mooney Aircraft, Piper; 524 Cherokee Lane) — malformed or missing evaluation requires adjudication",,,https://drs.faa.gov/browse/excelExternalWindow/9747A55E91B539088525704A0055768E.0001
Peco Manufacturing Co. Inc,,,Portland,OR,United States,needs_research,3,no,unknown,faa_ensemble,no,,,,,,research,0,"FAA PMA holder (makes: Boeing, BOEING; 4784 SE 17th Ave) — malformed or missing evaluation requires adjudication",,,https://drs.faa.gov/browse/excelExternalWindow/080DFFD2DFB9A44186257DF7006849D1.0001
Penn Yan Aero (CANCELLED),,,Penn Yan,NY,United States,needs_research,3,no,unknown,faa_ensemble,no,,,,,,research,0,"FAA PMA holder (makes: Cessna, Piper; 2499 Bath Road) — malformed or missing evaluation requires adjudication",,,https://drs.faa.gov/browse/excelExternalWindow/A5441A5B01A4433286257893005FE684.0001
Pickering Aviation Inc,,,Denton,TX,United States,needs_research,2,no,product,faa_ensemble,no,,,,,,research,0,"FAA PMA holder (makes: Ace Aeronautics LLC, Air Tractor, Inc., BHI H60 Helicopters LLC, BHI H60 Helicopters, LLC, BHI H60, LLC, Billings Flying Service Inc., Blackhawk Mission Equipment, Carson Helicopters Inc, Delta Enterprise, High Performance Helicopters Corp, PJ Helicopters Inc., Sikorsky Aircraft Corporation; 3821 Market St., Ste. 127) — malformed or missing evaluation requires adjudication",,,https://drs.faa.gov/browse/excelExternalWindow/DRSDOCID177171309720230818103119.0001
Plastech Corp,,,Atlanta,GA,United States,needs_research,2,no,product,faa_ensemble,no,,,,,,research,0,"FAA PMA holder (makes: Aerostar Aircraft, Piper; 2080 General Truman St NW) — malformed or missing evaluation requires adjudication",,,https://drs.faa.gov/browse/excelExternalWindow/9BFC25F3DE874EB68525704B004EF6EB.0001
PS Engineering Inc,,,Lenoir City,TN,United States,needs_research,2,no,product,faa_ensemble,no,,,,,,research,0,"FAA PMA holder (makes: Air Tractor, Bell, GulfstreamLearjet, Miscellaneous, Piper, See approved model list, Textron Aviation Inc.; 9800 Martel Road) — malformed or missing evaluation requires adjudication",,,https://drs.faa.gov/browse/excelExternalWindow/DRSDOCID102048204320220517140454.0001
Pulsco,,,Irvine,CA,United States,needs_research,3,no,unknown,faa_ensemble,no,,,,,,research,0,FAA PMA holder (makes: Boeing; 17945 Sky Park Circle Ste GH) — malformed or missing evaluation requires adjudication,,,https://drs.faa.gov/browse/excelExternalWindow/BA4F201A9879E14B8525704A00577D3A.0001
Puroflow Inc,,,Sun Valley,CA,United States,high_interest,1,no,unknown,faa_ensemble,no,,,,,,high_priority,1,"FAA PMA holder (makes: Aerospatiale, Agusta | Eurocopter France | MD Helicopters, Inc., Airbus | Boeing | Honeywell, Allied Ag Cat, Allied AG CAT, Allison Engine, BAE Systems, Bell, Bell | MD Helicopters, Inc., Boeing, Boeing | McDonnell Douglas, Bombardier, Inc.; 10616 Lanark Street) — adjudicated: {""decision"":""high_priority"",""confidence"":1,""reason"":""The high number of PMA parts across multiple aircraft platforms provides strong affirmative evidence of manufacturing capability, justifying high priority for further research.""}",,,https://drs.faa.gov/browse/excelExternalWindow/ABDB021CF888BCD28525704A005579B2.0001
"QUEST AVIATION SUPPLY, INC.",,,VAN NUYS,CA,United States,needs_research,2,no,product,faa_ensemble,no,,,,,,research,0,FAA PMA holder (makes: General Electric; 6747 ODESSA AVENUE) — malformed or missing evaluation requires adjudication,,,https://drs.faa.gov/browse/excelExternalWindow/80EF0EB4C322BE2786257CE60066103B.0001
Rajay Parts LLC,,,Key Largo,FL,United States,needs_research,2,no,product,faa_ensemble,no,,,,,,research,0,"FAA PMA holder (makes: Britten Norman, Cessna, Helio Aircraft, Lake, Lycoming, Piper, Raytheon, The King's Engineering Fellowship, Twin Commander; 10 Harbor Island Drive) — malformed or missing evaluation requires adjudication",,,https://drs.faa.gov/browse/excelExternalWindow/AE2087287514FDFC862571F00062EE56.0001
"RAM Aviation, Space & Defense",ramasd.com,https://ramasd.com/,,,,high_interest,1,no,unknown,discovery,no,research_ready,,,80,,,,Verified from first-party pages as a US aerospace/defense physical-product manufacturer.; Qualified from faa_drs_pma: https://drs.faa.gov/browse/excelExternalWindow/DRSDOCID105200434020260819195455.0001,"identity corrected: ramaerospace.com is an unrelated Brea, CA contract manufacturer","re-enrich RAM Aviation, Space & Defense ownership and size after domain correction",
Rapco Inc (SURRENDERED),,,Hartland,WI,United States,needs_research,3,no,unknown,faa_ensemble,no,,,,,,research,0,"FAA PMA holder (makes: Aviat Aircraft, Inc.; 445 Cardinal Lane) — malformed or missing evaluation requires adjudication",,,https://drs.faa.gov/browse/excelExternalWindow/E19AF4E710FB142A86258115005598A1.0001
Regional Airline Parts Support Company (RAPSCO),,,San Antonio,TX,United States,needs_research,3,no,unknown,faa_ensemble,no,,,,,,research,0,"FAA PMA holder (makes: Fairchild Aircraft; 600 Sandau Road, Suite 950) — malformed or missing evaluation requires adjudication",,,https://drs.faa.gov/browse/excelExternalWindow/65C9024EC1D0270B8625748E00562FEB.0001
Republic Fastener Manufacturing Corp,,,Newbury Park,CA,United States,needs_research,3,no,unknown,faa_ensemble,no,,,,,,research,0,FAA PMA holder (makes: Boeing; 1300 Rancho Conejo Blvd) — malformed or missing evaluation requires adjudication,,,https://drs.faa.gov/browse/excelExternalWindow/BF614EAAE506A32B862575C9004FA768.0001
Rimark Manufacturing,,,Windsor Locks,CT,United States,needs_research,3,no,unknown,faa_ensemble,no,,,,,,research,0,"FAA PMA holder (makes: CFM International, S.A, General Electric Company, Gulfstream Aerospace LP, Learjet Inc, Pratt & Whitney Aircraft, Pratt & Whitney Canada, Pratt & Whitney Canada Corp, Pratt & Whitney Canada Corp., Pratt & Whitney Canada Inc., Pratt & Whitney Canada, Inc, Pratt & Whitney Canada, Inc., Pratt & Whitney Canda Corp.; 6 Industrial Rd) — malformed or missing evaluation requires adjudication",,,https://drs.faa.gov/browse/excelExternalWindow/DRSDOCID180066927420260204181356.0001
RNL Inc,,,Oklahoma City,OK,United States,needs_research,3,no,unknown,faa_ensemble,no,,,,,,research,0,"FAA PMA holder (makes: Aerostar Aircraft | Beech | Commander Aircraft | Learjet | Mitsubishi | Mooney Aircraft | Piper | Prop-Jets | Twin Commander, Air Tractor | Ayres | Beech, Beech, Bellanca | Cessna, Cessna, Dassault, Fairchild Aircraft, Hawker Beechcraft, Hawker Beechcraft Corporation, Learjet, LEARJET, M7 Aerospace LLC; 3100 W I-44 Service Rd) — malformed or missing evaluation requires adjudication",,,https://drs.faa.gov/browse/excelExternalWindow/E44D0E6FE3B372B1862580B200802A82.0001
Romco Manufacturing,romco.net,https://romco.net,,,US,reference,1,no,process_only,discovery; golden_v1,yes,partner_review,,,,,,,"Manufacturer of precision-machined parts and components designed to meet the needs of diverse industries. The company produces custom-manufactured and machined replacement parts made from materials such as exotic steels, stainless steels, nickel alloys, plastics, aluminum, and composite materials. Serving industries including power generation, aerospace, defense, oil and gas, medical, food processing, and packaging, the company also offers proprietary products for specific markets. It operates a manufacturing facility equipped with 3D modeling, CAD-CAM, and CNC machining capabilities. less",reference example — interest not known mutual,Build-to-print risk unclassified — no source signal yet.,
Rosen Aviation,rosenaviation.com,https://rosenaviation.com,,,US,reference,1,no,process_only,discovery; golden_v1,yes,partner_review,,,,,,,"Rosen Aviation, LLC supplies custom aircraft cabin electronics and passenger entertainment systems to airlines and aviation customers, offering IFE platforms, cabin displays, audio solutions, and related software while positioning themselves as a specialized cabin-technology partner that provides custom-designed solutions and R&D for cabin experiences.",reference example — interest not known mutual,Build-to-print risk unclassified — no source signal yet.,
Rosetta MicroAvionics Inc,,,Plymouth,MN,United States,needs_research,3,no,unknown,faa_ensemble,no,,,,,,research,0,FAA PMA holder (makes: Miscellaneous; 14272 N 23rd Ave) — malformed or missing evaluation requires adjudication,,,https://drs.faa.gov/browse/excelExternalWindow/4366008FFCD725D08525704B005B34AC.0001
Rotair Aerospace Corporation,,,Bridgeport,CT,United States,needs_research,3,no,unknown,faa_ensemble,no,,,,,,research,0,"FAA PMA holder (makes: ACE Aeronautics | LLC, ACE Aeronautics LLC, BHI H60 Helicopters | LLC, BHI H60 Helicopters LLC, Billings Flying Service | Inc., Billings Flying Service Inc., Billings Flying Services | Inc., Capitol Helicopters | Inc., Capitol Helicopters Inc., Carson Helicopters, CFS Aeroproducts Inc. E6NE | Rev 16, Columbia Helicopters | Inc; 964 Crescent Avenue) — malformed or missing evaluation requires adjudication",,,https://drs.faa.gov/browse/excelExternalWindow/DRSDOCID134912611520260403131725.0001
Royal Atlantic Aviation,,,Melbourne,FL,United States,needs_research,2,no,product,faa_ensemble,no,,,,,,research,0,FAA PMA holder (makes: Cessna; 1371 General Aviation Drive Hanger 19) — malformed or missing evaluation requires adjudication,,,https://drs.faa.gov/browse/excelExternalWindow/C71F584A3EFEDCFE862575C4006B4DFF.0001
RW Martin,,,Murrieta,CA,United States,needs_research,2,no,product,faa_ensemble,no,,,,,,research,0,FAA PMA holder (makes: Viking Air Limited; Hangar 20 37552 Winchester Road) — malformed or missing evaluation requires adjudication,,,https://drs.faa.gov/browse/excelExternalWindow/18C4DEEE1F95AE49862574DE0055AE83.0001
"Sagem Avionics, LLC",,,Grand Prairie,TX,United States,needs_research,3,no,unknown,faa_ensemble,no,,,,,,research,0,FAA PMA holder (makes: Airbus Helicopters; 2802 Safran Drive) — malformed or missing evaluation requires adjudication,,,https://drs.faa.gov/browse/excelExternalWindow/D20ABDD51AB9DD3186257EEE0043F46F.0001
Sandia Aerospace,,,Albuquerque,NM,United States,needs_research,2,no,product,faa_ensemble,no,,,,,,research,0,"FAA PMA holder (makes: Beech, Cessna, Diamond Aircraft, Embraer Empresa, Hawker Beechcraft, Learjet; 3700 Osuna Road NE Suite 711) — malformed or missing evaluation requires adjudication",,,https://drs.faa.gov/browse/excelExternalWindow/5162B730CA3148C58625787700681D75.0001
Sealth Aero Marine,,,Mill Creek,WA,United States,needs_research,3,no,unknown,faa_ensemble,no,,,,,,research,0,"FAA PMA holder (makes: Boeig Aircraft, Boeing, Boeing Aircraft, BOEING AIRCRAFT, The Boeing Company, The Boeing Copany; 16001 Mill Creek Blvd) — malformed or missing evaluation requires adjudication",,,https://drs.faa.gov/browse/excelExternalWindow/DRSDOCID107106959420250530215936.0001
"Servotronics, Inc.",servotronics.com,https://servotronics.com,,,US,reference,1,no,process_only,discovery; golden_v1,yes,partner_review,,,,,,,"Servotronics, Inc. designs and manufactures servo drives, motion controllers, power electronics, and embedded control modules for OEMs and system integrators in industries that require integrated motion control. They offer off-the-shelf products (drives, controllers, power supplies, evaluation boards) alongside custom engineering and turnkey motion system development, and they position themselves around providing both standard components and tailored OEM solutions for equipment manufacturers.",reference example — interest not known mutual,Build-to-print risk unclassified — no source signal yet.,
Skybolt Aerospace Fasteners,skybolt.com,,,,US,reference,1,no,product,discovery; golden_v1,yes,queued_research,,25,0,,,,"Skybolt Aerospace Fasteners designs, manufactures, and distributes aerospace-grade quarter-turn panel fasteners, grommets, and receptacles for aviation, defense, and high-performance vehicle applications. They sell to OEMs, military programs, general aviation maintenance organizations, and racing teams, and emphasize rapid lead times, a lightweight product line (Skytanium), patented designs, and tools to simplify fastener selection.","Fit veto: hard veto: size.revenueBand gt ""20-35m""","Revenue band unverified; Employee count unverified; Ownership unresolved; Distribution vs manufacturing mix unclear; Aftermarket presence unknown; Qualifications unverified: pma, as9100, nadcap, qpl, oemApproved, itarSignal",
Skycraft (Cancelled 03/18/2024),,,Vernon,CT,United States,needs_research,2,no,product,faa_ensemble,no,,,,,,research,0,"FAA PMA holder (makes: CFM International, General Electric, Pratt & Whitney; 40 Hockanum Blvd. Unit 7) — malformed or missing evaluation requires adjudication",,,https://drs.faa.gov/browse/excelExternalWindow/E3A683F311F5134B862577660050BCB9.0001
Skylight Avionics Company,,,Palmdale,CA,United States,needs_research,2,no,product,faa_ensemble,no,,,,,,research,0,"FAA PMA holder (makes: Beech, Beechcraft Corporation, Boeing, Bombardier, Inc, Bombardier, Inc., Cessna, Dassault Aviation, McDonnell Douglas, Raytheon; 38629 6th Street East) — malformed or missing evaluation requires adjudication",,,https://drs.faa.gov/browse/excelExternalWindow/DD0107570EC793CF86257F0E006B2C90.0001
Skylock Industries,skylock.com,https://skylock.com,,,US,reference,1,no,product,discovery; golden_v1,yes,partner_review,,,,,,,"Skylock Industries manufactures and engineers precision metal components and operating hardware for aerospace and defense customers. They provide end-to-end services from engineering and tooling to machining and fabrication of difficult-to-machine materials like titanium and Inconel, and they claim capabilities to shorten lead times and produce parts to SCD or PMA requirements with military approvals.",reference example — interest not known mutual,Build-to-print risk unclassified — no source signal yet.,
Smith-West Inc,,,Tempe,AZ,United States,needs_research,2,no,product,faa_ensemble,no,,,,,,research,0,FAA PMA holder (makes: Pratt & Whitney; 404 W Guadalupe Road) — malformed or missing evaluation requires adjudication,,,https://drs.faa.gov/browse/excelExternalWindow/1888304EEDBD97378525704C005708D3.0001
Sony Trans Com Inc,,,Irvine,CA,United States,needs_research,3,no,unknown,faa_ensemble,no,,,,,,research,0,"FAA PMA holder (makes: Airbus, Airbus | Boeing, Boeing, Boeing | McDonnell Douglas, Lockheed, McDonnell Douglas; 1833 Alton Avenue, PO Box 19713) — malformed or missing evaluation requires adjudication",,,https://drs.faa.gov/browse/excelExternalWindow/18905AB9111196FF8525704B0058491B.0001
Soundair Aviation Services,,,Snohomish,WA,United States,needs_research,2,no,product,faa_ensemble,no,,,,,,research,0,"FAA PMA holder (makes: 328 Support Services GmbH, Airbus, Airbus | Boeing | Bombardier, Inc., Airbus Airbus, Airbus Boeing Bombardier, Inc. Embraer, Airbus Canada Limited Partnership, Airbus S.A.S, Airbus S.A.S., Airbus SAS, BAE SYSTEMS (Operations) Limited, Boeing, BOEING; 1826 Bickford Ave) — malformed or missing evaluation requires adjudication",,,https://drs.faa.gov/browse/excelExternalWindow/DRSDOCID137227619820260420184743.0001
Southwest Antennas,southwestantennas.com,https://southwestantennas.com,,,US,reference,1,no,process_only,discovery; golden_v1,yes,partner_review,,,,,,,"Manufacturer of RF (Radio Frequency) communication components designed to support reliable signal transmission and connectivity. The company offers custom cable assemblies, dual-band omnidirectional antennas, half-wave dipole antennas, and other connectivity accessories, enabling defense, industrial, and commercial clients to achieve high-performance communication across demanding environments. less",reference example — interest not known mutual,Build-to-print risk unclassified — no source signal yet.,
SPS Technologies Inc,,,Santa Ana,CA,United States,needs_research,3,no,unknown,faa_ensemble,no,,,,,,research,0,"FAA PMA holder (makes: Boeing, Pratt & Whitney, Pratt & Whitney Canada, Pratt & Whitney Engines; 2701 So Harbor Boulevard) — malformed or missing evaluation requires adjudication",,,https://drs.faa.gov/browse/excelExternalWindow/BBFA9C1BCDEB2F3B86257603005A3705.0001
Staco Switch (CANCELLED),,,Costa Mesa,CA,United States,needs_research,2,no,product,faa_ensemble,no,,,,,,research,0,"FAA PMA holder (makes: Airbus, McDonnell Douglas; 1139 Baker Street) — malformed or missing evaluation requires adjudication",,,https://drs.faa.gov/browse/excelExternalWindow/0DD1EAA7F60006CC8525704B00584D0A.0001
Sterling Helicopter,,,Croydon,PA,United States,needs_research,2,no,product,faa_ensemble,no,,,,,,research,0,"FAA PMA holder (makes: Airbus Helicopters, Airbus Helicopters Deutschland GmbH, Airbus Helicopters Deutschland GmbH (AHD), Bell Textron Canada Limited, Bombardier Inc., Gulfstream Aerospace Corporation, Leonardo S.p.A, Leonardo S.p.a., Leonardo S.p.A., Leonardo S.p.a. Helicopter Division, MHI RJ Aviation ULC, Pilatus Aircraft Ltd.; 1226 River Road) — malformed or missing evaluation requires adjudication",,,https://drs.faa.gov/browse/excelExternalWindow/DRSDOCID153606912920260506210938.0001
Symetrics Inc,,,Newbury Park,CA,United States,needs_research,3,no,unknown,faa_ensemble,no,,,,,,research,0,FAA PMA holder (makes: Boeing; 3353 Old Conejo Rd) — malformed or missing evaluation requires adjudication,,,https://drs.faa.gov/browse/excelExternalWindow/A868A0EB12D3F5538525704C005D10D8.0001
Tavco Inc,,,Chatsworth,CA,United States,needs_research,3,no,unknown,faa_ensemble,no,,,,,,research,0,"FAA PMA holder (makes: Cessna, Eurocopter France, Learjet, McDonnell Douglas, MD Helicopters, Inc., Raytheon, Sikorsky; 20500 Prairie Street) — malformed or missing evaluation requires adjudication",,,https://drs.faa.gov/browse/excelExternalWindow/C43325423C26E0368525704C005B143D.0001
Teac Aerospace Technologies Inc,,,Brea,CA,United States,needs_research,3,no,unknown,faa_ensemble,no,,,,,,research,0,"FAA PMA holder (makes: Airbus, Boeing, Boeing Aircraft Company; 2727 East Imperial Highway) — malformed or missing evaluation requires adjudication",,,https://drs.faa.gov/browse/excelExternalWindow/A5829CBAC8DFB2FE86257A8D0060D4D3.0001
"Telefonix, Incorporated",,,Waukegan,IL,United States,needs_research,2,no,product,faa_ensemble,no,,,,,,research,0,"FAA PMA holder (makes: Airbus, Boeing, Bombardier; 2340 Ernie Krueger CIR) — malformed or missing evaluation requires adjudication",,,https://drs.faa.gov/browse/excelExternalWindow/C17DBB00B0184742862584AB0076E5BE.0001
Tempest Aero Group,tempestaero.com,https://tempestaero.com,,,US,reference,1,no,product,discovery; golden_v1,yes,partner_review,,,,,,,"Tempest Aero Group® currently represents six independent FAA-PMA brands – Tempest®, Alcor®, Marvel-Schebler®, Precision Airmotive®, Consolidated Fuel Systems™ and Stratus Tool Technologies™ – known for manufacturing ignition, filtration, pneumatic components, instrumentation sensors, fuel systems components, and other specialty tools.",reference example — interest not known mutual,Build-to-print risk unclassified — no source signal yet.,
"The Flight Shop, Inc.",,,Brigham City,UT,United States,needs_research,3,no,unknown,faa_ensemble,no,,,,,,research,0,FAA PMA holder (makes: Aerostar; 1780 North 2000 W. Hangar #21) — malformed or missing evaluation requires adjudication,,,https://drs.faa.gov/browse/excelExternalWindow/F760DF18B077092E862582F900728535.0001
The Gill Corporation,,,El Monte,CA,United States,needs_research,2,no,product,faa_ensemble,no,,,,,,research,0,FAA PMA holder (makes: The Boeing Company; 4056 Easy St) — malformed or missing evaluation requires adjudication,,,https://drs.faa.gov/browse/excelExternalWindow/DRSDOCID158072810420260407191800.0001
The PDI Group,thepdigroup.com,https://thepdigroup.com,,,US,reference,1,no,process_only,discovery; golden_v1,yes,partner_review,,,,,,,"The PDI Group consists of four member companies - PDI Ground Support Systems, KWD Aircraft Support Equipment, Polytech Defense Spares, and Colinear Aerospace.",reference example — interest not known mutual,Build-to-print risk unclassified — no source signal yet.,
The Zippertubing Company,zippertubing.com,https://www.zippertubing.com,Chandler,AZ,US,evaluate,2,no,unknown,curated,no,,,,,,,,"In-house custom cable bundling, EMI/thermal shielding, and protective components; official examples include missile-canard sleeve and Navy work.",Verify shareholder/control ownership and recurring aerospace content.,,https://www.usaspending.gov/recipient/35f8e454-11c8-aad9-055b-2453b955873f-C/latest; https://www.zippertubing.com/pages/custom-solutions; https://www.zippertubing.com/pages/custom-solutions
Thompson Burgler Alarm Sys,,,Gig Harbor,WA,United States,needs_research,3,no,unknown,faa_ensemble,no,,,,,,research,0,FAA PMA holder (makes: Cessna | Piper; PO Box 2361) — malformed or missing evaluation requires adjudication,,,https://drs.faa.gov/browse/excelExternalWindow/8D5844E0243E256B8525704D00544DCC.0001
Thrustmaster of Texas,thrustmaster.net,https://thrustmaster.net,Houston,TX,US,evaluate,2,no,unknown,curated,no,,,,,,,,Vertically integrated propulsion/thruster manufacturer with documented Navy frigate auxiliary-propulsion program; not aviation-specific.,Include only if mandate covers naval/maritime defense components.,,https://www.marinelog.com/news/thrustmaster-auxiliary-propulsion-units-selected-for-navys-new-guided-missile-frigate/; https://thrustmaster.net/thrustmaster-texas-inc/; https://thrustmaster.net/thrustmaster-texas-inc/
Torrington Company,,,Rutherfordton,NC,United States,needs_research,3,no,unknown,faa_ensemble,no,,,,,,research,0,"FAA PMA holder (makes: Boeing | McDonnell Douglas, Sabreliner; Shiloh Plant, US 221 South) — malformed or missing evaluation requires adjudication",,,https://drs.faa.gov/browse/excelExternalWindow/85796EDFF2FD8B4D8525704D0054521A.0001
"Transmagnetics Inc, Div of N Atlantic Instruments",,,Bohemia,NY,United States,needs_research,2,no,product,faa_ensemble,no,,,,,,research,0,FAA PMA holder (makes: McDonnell Douglas; 170 Wilbur Place) — malformed or missing evaluation requires adjudication,,,https://drs.faa.gov/browse/excelExternalWindow/52D8DFB4C51171AB8525704C005D0BEB.0001
Trelleborg Sealing Solutions,,,Fort Wayne,IN,United States,needs_research,3,no,unknown,faa_ensemble,no,,,,,,research,0,"FAA PMA holder (makes: Boeing, The Boeing Company, THE BOEING COMPANY; 2531 Bremer Road) — malformed or missing evaluation requires adjudication",,,https://drs.faa.gov/browse/excelExternalWindow/DRSDOCID137101323720250403182240.0001
Tri Aero LLC,,,Chandler,AZ,United States,needs_research,3,no,unknown,faa_ensemble,no,,,,,,research,0,"FAA PMA holder (makes: Airbus, Airbus SAS, Pratt & Whitney; 3480 N. SAN MARCO PL) — malformed or missing evaluation requires adjudication",,,https://drs.faa.gov/browse/excelExternalWindow/DRSDOCID122094292220240118191217.0001
Triumph Composite Systems Inc,,,Spokane,WA,United States,needs_research,3,no,unknown,faa_ensemble,no,,,,,,research,0,"FAA PMA holder (makes: Airbus, Boeing, Boeing | Boeing; 1514 S. Flint Road) — malformed or missing evaluation requires adjudication",,,https://drs.faa.gov/browse/excelExternalWindow/5C19A8F22980F7DF862581060059ABF3.0001
TruTrak Flight Systems Inc,,,Springdale,AR,United States,needs_research,3,no,unknown,faa_ensemble,no,,,,,,research,0,"FAA PMA holder (makes: Make Eligibility, Piper Aircraft, Inc., Textron Aviation Inc., Textron Aviation, Inc.; 1488 S. Old Missouri Rd) — malformed or missing evaluation requires adjudication",,,https://drs.faa.gov/browse/excelExternalWindow/809D5D9C4A52E1978625849E005B91B9.0001
TSI Seats Inc,,,Everett,WA,United States,needs_research,2,no,product,faa_ensemble,no,,,,,,research,0,FAA PMA holder (makes: Airbus SAS; 6200 23rd Dr W STE 102) — malformed or missing evaluation requires adjudication,,,https://drs.faa.gov/browse/excelExternalWindow/DRSDOCID197876761320250501163939.0001
United Fire Protection,,,Fullerton,CA,United States,needs_research,3,no,unknown,faa_ensemble,no,,,,,,research,0,"FAA PMA holder (makes: Boeing, The Boeing Company; 4060 N Palm St Suite 605) — malformed or missing evaluation requires adjudication",,,https://drs.faa.gov/browse/excelExternalWindow/8A1D7F702E5D1D3B8525704D00596580.0001
V.A.P. Corporation,,,Terre Haute,IN,United States,needs_research,3,no,unknown,faa_ensemble,no,,,,,,research,0,"FAA PMA holder (makes: Boeing; 2901 East Ohio Boulevard, Suite 115) — malformed or missing evaluation requires adjudication",,,https://drs.faa.gov/browse/excelExternalWindow/3535C7D2E1FC0E91862585D0002C5514.0001
Varga Aircraft Co,,,Augusta,GA,United States,needs_research,3,no,unknown,faa_ensemble,no,,,,,,research,0,FAA PMA holder (makes: Augustair; 1815 15th St) — malformed or missing evaluation requires adjudication,,,https://drs.faa.gov/browse/excelExternalWindow/45E8D0DFFC501E1A852570500055BAF6.0001
Vibration Isolation Products,,,San Fernando,CA,United States,needs_research,2,no,product,faa_ensemble,no,,,,,,research,0,"FAA PMA holder (makes: Alliance Aircraft | Cessna | Lockheed | Meyers Industries | Piaggio | Raytheon | Twin Commander, Alliance Aircraft | Piper, Consolidated Vultee Aircraft Corp | McDonnell Douglas, Curtiss-Wright Corp. | Kelowna Flightcraft R & D | Lockheed | Martin-Marietta | McDonnell Douglas, Curtiss-Wright Corp. | Lockheed, deHavilland | Sikorsky, Grumman | Raytheon | Twin Commander, Raytheon; 11275 San Fernando Rd) — malformed or missing evaluation requires adjudication",,,https://drs.faa.gov/browse/excelExternalWindow/44F401D49D2BBEE7852570500056B23E.0001
VK Aircraft Inc,,,Saint Petersburg,FL,United States,needs_research,3,no,unknown,faa_ensemble,no,,,,,,research,0,"FAA PMA holder (makes: Aerostar Aircraft, Piper; Blue Hangar Gate 4, Albert Whitted Airport) — malformed or missing evaluation requires adjudication",,,https://drs.faa.gov/browse/excelExternalWindow/F89DFBD42B8C2CE18525705000576CF0.0001
WEMS Electronics,,,Hawthorne,CA,United States,needs_research,2,no,product,faa_ensemble,no,,,,,,research,0,"FAA PMA holder (makes: Boeing, McDonnell Douglas; 4650 West Rosecrans Ave) — malformed or missing evaluation requires adjudication",,,https://drs.faa.gov/browse/excelExternalWindow/369D41C0C6C683268525704D005B66ED.0001
Weststar Aviation,,,Grand Junction,CO,United States,needs_research,2,no,product,faa_ensemble,no,,,,,,research,0,"FAA PMA holder (makes: Dassault Aviation; 796 Heritage Way, Walker Field Airport) — malformed or missing evaluation requires adjudication",,,https://drs.faa.gov/browse/excelExternalWindow/3480394A7C886C9D8525705000576FDC.0001
World Auxiliary Power Co,,,Alameda,CA,United States,needs_research,2,no,product,faa_ensemble,no,,,,,,research,0,"FAA PMA holder (makes: Airbus | Boeing, Airbus | Boeing | McDonnell Douglas, Boeing, Boeing | Lockheed, Boeing | McDonnell Douglas, Lockheed, McDonnell Douglas; 1351 Harbor Bay Parkway) — malformed or missing evaluation requires adjudication",,,https://drs.faa.gov/browse/excelExternalWindow/5F626455A80A56F68525704D005968AA.0001
Wulfsberg Electronics Division,,,Prescott,AZ,United States,needs_research,3,no,unknown,faa_ensemble,no,,,,,,research,0,"FAA PMA holder (makes: Airbus, Airbus Helicopters Deutschland GmbH, BAE Systems, Beech, Boeing, Bombardier Inc., Bombardier, Inc., Cessna, Cessna Aircraft Co, Cessna Aircraft Corp., Convair, Dassault; 6400 Wilkinson Drive) — malformed or missing evaluation requires adjudication",,,https://drs.faa.gov/browse/excelExternalWindow/AFD72AFA345FCE7486258614005AB361.0001
York Precision Machining & Hydraulics,yorkpmh.com,https://yorkpmh.com,York,PA,US,high_interest,1,no,process_only,curated; discovery,no,research_ready,,100,10,,,,Precision-machining and hydraulic-component manufacturer; Bear-Loc hydraulic actuators; defense work; CAGE 81A16.,Build-to-print exposure and current ownership must be verified.,"domain-verified, pending research",https://coder.targetednews.com/nl_disp.php?nl_date_id=1373073; https://yorkpmh.com/our-history/
"Yulista Aviation, INC.",yulistaaviation.com,https://yulistaaviation.com,,,,needs_research,3,no,unknown,discovery,no,queued_research,,,,,,,Discovered via federal awards: usaspending://spending_by_award?recipient_name=YULISTA+AVIATION%2C+INC.&uei=LJ14K6JQ9HC9,,"domain-verified, pending research",
"Yulista Integrated Solutions, LLC",yulistaintegratedsolutions.com,https://yulistaintegratedsolutions.com,,,,needs_research,3,no,unknown,discovery,no,queued_research,,,,,,,Discovered via federal awards: usaspending://spending_by_award?recipient_name=YULISTA+INTEGRATED+SOLUTIONS%2C+LLC&uei=HYK7DD1BUF96,,"domain-verified, pending research",
Zemarc CORPORATION,zemarc.com,https://zemarc.com,,,,needs_research,3,no,unknown,discovery,no,queued_research,,,,,,,Discovered via federal awards: usaspending://spending_by_award?recipient_name=ZEMARC+CORPORATION&uei=T42LMGLW4L11,,"domain-verified, pending research",
Zephyr International LLC,zephyrintl.com,https://zephyrintl.com,Conway,SC,US,high_interest,1,no,product,curated; discovery,no,research_ready,,100,10,,,,"Engineered helicopter-rescue test stands, rescue-hoist ground-support equipment, cable inspection systems, and emergency-rescue equipment; proprietary product evidence.",Confirm current revenue and succession/transaction appetite.,"Qualifications unverified: pma, as9100, nadcap, qpl, oemApproved, itarSignal; 2026-08-23T07:12:18.606Z candidate-research failed: OpenRouter request was rejected; 2026-08-23T07:19:28.254Z candidate-research failed: OpenRouter request was rejected; 2026-08-23T07:20:04.092Z candidate-research failed: OpenRouter request was rejected; 2026-08-23T13:19:35.870Z candidate-research failed: OpenRouter request was rejected; 2026-08-23T13:22:38.667Z candidate-research failed: OpenRouter request was rejected; 2026-08-23T13:24:02.118Z candidate-research failed: OpenRouter request was rejected; 2026-08-23T13:25:08.764Z candidate-research failed: OpenRouter request was rejected; 2026-08-24T18:46:55.637Z candidate-research failed: OpenRouter request was rejected; 2026-08-24T18:47:30.038Z candidate-research failed: OpenRouter request was rejected",https://www.war.gov/News/Contracts/Contract/Article/959765/contracts-for-sep-29-2016/; https://zephyrintl.com/who-we-are/
Zetec INC,zetec.com,https://zetec.com,,,,needs_research,3,no,unknown,discovery,no,queued_research,,,,,,,Discovered via federal awards: usaspending://spending_by_award?recipient_name=ZETEC+INC&uei=CD6RJMMFK8K5,,"domain-verified, pending research",
Zeus Business Consulting INC.,zeusconsulting.com,https://zeusconsulting.com,,,,needs_research,3,no,unknown,discovery,no,queued_research,,,,,,,Discovered via federal awards: usaspending://spending_by_award?recipient_name=ZEUS+BUSINESS+CONSULTING+INC.&uei=HSKRWCMYUMB5,,"domain-verified, pending research",
Zevco Inc,,,Laguna Hills,CA,United States,needs_research,2,no,product,faa_ensemble,no,,,,,,research,0,"FAA PMA holder (makes: Airbus, Boeing, Dornier-Werke, McDonnell Douglas; 22982 Alcalde Dr Ste 101) — malformed or missing evaluation requires adjudication",,,https://drs.faa.gov/browse/excelExternalWindow/F2001F9AB95555258525705000577296.0001
Zikr LLC,zikrllc.com,https://zikrllc.com,,,,high_interest,3,no,unknown,discovery,no,queued_research,,,0,,,,Discovered via federal awards: usaspending://spending_by_award?recipient_name=ZIKR+LLC&uei=KWWHSM9LVEP6,,"domain-verified, pending research",
Zitec Inc.,zitecusa.com,https://www.zitecusa.com,Niceville,FL,US,evaluate,2,no,unknown,curated; discovery,no,queued_research,,,,,,,"Manufactures/supports munitions equipment, electronics, and aircraft ground-service equipment; publishes CAGE 1R9V9 and qualification status.",Previous automated attachment to zitec.com was wrong; verify and attach zitecusa.com only after corrected identity gate.,"domain-verified, pending research",https://www.war.gov/News/Contracts/Contract/Article/1929800/contracts-for-aug-8-2019/; https://www.zitecusa.com/about.html
Zodiac Executive Aircraft Inserts,,,Sterling,VA,United States,needs_research,3,no,unknown,faa_ensemble,no,,,,,,research,0,"FAA PMA holder (makes: ATR, Bombardier, Bombardier Inc., Dassault, Embraer, Gulfstream Aerospace Corporation; 44931 Falcon Place) — malformed or missing evaluation requires adjudication",,,https://drs.faa.gov/browse/excelExternalWindow/9B7BC3AB0FE443D4862580910064F8CE.0001
